,count,mean,std,min,25%,50%,75%,max
age,17690.0,38.912266817410966,10.363853258119777,21.0,30.0,39.0,48.0,58.0
