department,terminated_count,terminated_rate
Auditing,9,18.0
Legal,40,13.2013201320132
Research and Development,124,11.946050096339114
Training,196,11.929397443700548
Human Resources,199,11.3909559244419
Accounting,365,11.303809228863425
Engineering,729,11.28657686948444
Sales,199,11.230248306997742
Support,101,11.03825136612022
Product Management,69,10.935023771790808
Services,178,10.840438489646772
Marketing,46,9.523809523809524
Business Development,151,9.514807813484563
